Species,Owner,Date,Location,General Weather,Time of Capture,Latitude N,Longitude W,Water Temp,Capture Method,Fork length(cm),Total Length(cm),Girth,Weight,Sex,Sexually mature?,Gonad taken?,Eggs Present?,Pectoral Fin Ray,Label on Envelope (ASO10-0/Tag ID),Genetic sample,Label on Microtube (ASO10-0/Tag ID),Blood sample taken?,Label on microtube (ASO10-0/Tag ID),Tag Type,Tag ID#,Tag Sn#,Tag Weight,DFG Peterson Tag Info (Disc Tag),Fish ID,Pit Tag ID,Suture Size,Blade,# stitches,incision length (cm),boat operator,boat name,recorder/surgeon,surgery start time,surgery stop time ,total time,total handling time,fish condition upon capture,fish condition upon release,comments
WST,E. MILLER USACE,9/27/10,grizzly bay,sunny,11:43,38.06249,-122.03263,20,DFG Trammel Net,115,130,,,U,U,N,N/A,N,,y,ASO10-34,N,,V16-6L (70-90 sec); A69-1303; 3650 Days,47821,1093198,,ST12914,ASO10-34,,1,10,3,3,GW,Striper II,GS/MP,11:47,11:51,4,8,GOOD,GOOD,"SPLIT DORSAL, SWAM OFF"
WST,E. MILLER USACE,9/27/10,grizzly bay,sunny,11:52,38.06249,-122.03263,20,DFG Trammel Net,102,116,,,U,U,N,N/A,N,,Y (anal),ASO10-35,N,,V16-6L (70-90 sec); A69-1303; 3650 Days,47822,1093199,,FF1914,ASO10-35,,1,10,3,3,GW,Striper II,GS/MP,11:54,11:59,5,7,FAIR,"fair, swam off","LITTLE BIT OF BLEEDING, FISH LOOKS STRESSED VERY RED"
WST,E. MILLER USACE,9/27/10,grizzly bay,sunny,13:21,38.06727,-122.03101,21,DFG Trammel Net,161,180,,,U,U,N,N/A,N,,Y (anal),ASO10-36,N,,V16-6L (70-90 sec); A69-1303; 3650 Days,47823,1093200,,HH1914,ASO10-36,,1,10,3,3,GW,Striper II,MP/GS,13:25,13:30,5,11,"BLOODY CAUDAL, SPLIT 2X","GOOD, REDDENED CAUDAL, DORSAL; SWAM OFF",
WST,E. MILLER USACE,9/28/10,grizzly bay,sunny,8:22,38.06193,-122.0316,20,DFG Trammel Net,126,142,,,F,Y,Y,Y,N,,Y (anal),ASO10-37,N,,V16-6L (70-90 sec); A69-1303; 3650 Days,47824,1093201,,ST12915,ASO10-37,,1,10,3,3,GW,Striper II,EM/GS,8:25,8:29,4,7,"GOOD, SPLIT CAUDAL",GOOD,
WST,E. MILLER USACE,9/28/10,grizzly bay,sunny,8:24,38.06193,-122.0316,20,DFG Trammel Net,128,147,,,U,U,N,N/A,N,,Y (anal),ASO10-38,N,,V16-6L (70-90 sec); A69-1303; 3650 Days,47825,1093202,,FF1915,ASO10-38,,1,10,3,3,GW,Striper II,EM/GS,8:31,8:35,4,11,GOOD,GOOD,ENGORGED
WST,E. MILLER USACE,9/28/10,grizzly bay,sunny,9:06,38.06025,-122.03352,21,DFG Trammel Net,118,131,,,U,U,N,N/A,N,,Y (anal),ASO10-39,N,,V16-6L (70-90 sec); A69-1303; 3650 Days,47826,1093203,,HH1915,ASO10-39,,1,10,3,3,GW,Striper II,EM/GS,9:10,9:12,2,6,"FAIR - SPLIT CAUDAL AND DORSAL, BLOODY CAUDAL",FAIR - SOME BLEEDING FROM INCISION,
WST,E. MILLER USACE,9/28/10,grizzly bay,sunny,10:52,38.06194,-122.03225,22,DFG Trammel Net,121,139,,,U,U,N,N/A,N,,Y,ASO10-40,N,,V16-6L (70-90 sec); A69-1303; 3650 Days,47827,1093204,,ST12916,ASO10-40,,1,10,3,3,GW,Striper II,GS/EM,11:00,11:07,7,15,"FAIR, BLOODY DORSAL",FAIR,SWAM OFF
WST,E. MILLER USACE,9/28/10,grizzly bay,sunny,10:53,38.06271,-122.0308,22,DFG Trammel Net,142,159,,,U,U,N,N/A,N,,Y (anal),ASO10-41,N,,V16-6L (70-90 sec); A69-1303; 3650 Days,47828,1093205,,FF1916,ASO10-41,,1,10,3,3,GW,Striper II,EM/GS,11:10,11:14,4,21,"FAIR, SPLIT DORSAL AND CAUDAL","fair, swam off",ENGORGED
WST,E. MILLER USACE,9/28/10,grizzly bay,sunny,12:40,38.06951,-122.03212,23,DFG Trammel Net,119,125,,,U,U,N,N/A,N,,Y,ASO10-42,N,,V16-6L (70-90 sec); A69-1303; 3650 Days,47829,1093206,,HH1916,ASO10-42,,1,10,3,3,GW,Striper II,EM/GS,12:44,12:48,4,,"FAIR, TORN SCUTE",FAIR,WAS SQUEEZED BY THE NET
WST,E. MILLER USACE,9/28/10,grizzly bay,sunny,12:50,38.06951,-122.03212,23,DFG Trammel Net,132,150,,,U,U,N,N/A,N,,Y,ASO10-43,N,,V16-6L (70-90 sec); A69-1303; 3650 Days,47830,1093207,,FF1917,ASO10-43,,1,10,3,3,GW,Striper II,GS/EM,12:55,13:02,7,12,GOOD,GOOD,"SWAM OFF, SPLIT CAUDAL"
WST,E. MILLER USACE,9/29/10,grizzly bay,sunny,7:36,38.06,-122.02,20,DFG Trammel Net,162,183,,,U,U,N,N/A,N,,Y,ASO10-44,N,,V16-6L (70-90 sec); A69-1303; 3650 Days,47831,1093208,,HH1917,ASO10-44,,1,10,3,3,GW,Striper II,GS/MP,7:41,7:46,5,10,GOOD,GOOD,SWAM OFF
WST,E. MILLER USACE,9/29/10,grizzly bay,sunny,7:42,38.06,-122.02,20,DFG Trammel Net,126,139,,,U,U,N,N/A,N,,Y,ASO10-45,N,,V16-6L (70-90 sec); A69-1303; 3650 Days,47832,1093209,,ST12918,ASO10-45,,1,10,3,3,GW,Striper II,GS/MP,7:48,7:53,5,11,GOOD,GOOD,"SPLIT DORSAL SPLIT CAUDAL INCISION PUCKERED, SWAM OFF"
WST,E. MILLER USACE,9/29/10,grizzly bay,sunny,8:32,38.066,-122.02516,20,DFG Trammel Net,113,128,,,U,U,N,N/A,N,,Y,ASO10-46,N,,V16-6L (70-90 sec); A69-1303; 3650 Days,47833,1093210,,FF1918,ASO10-46,,1,10,3,3,GW,Striper II,,8:35,8:38,3,6,GOOD,GOOD,"SPILT CAUDAL, SPLIT DORSAL, BLEEDER, RECAP IN NET SAME SET, WHEN RELEASED FISH DIDN'T LOOK GOOD FLOATED FOR 3 MIN BEFORE SWIMMING OFF"
WST,E. MILLER USACE,9/29/10,grizzly bay,sunny,8:36,38.066,-122.02516,20,DFG Trammel Net,106,120,,,U,U,N,N/A,N,,Y,ASO10-47,N,,V16-6L (70-90 sec); A69-1303; 3650 Days,47834,1093211,,ST12919,ASO10-47,,1,10,3,3,GW,Striper II,GS/MP,8:44,8:50,6,14,FAIR,FAIR,SWAM OFF
WST,E. MILLER USACE,9/29/10,grizzly bay,sunny,9:32,38.06486,-122.02445,21,DFG Trammel Net,135,150,,,U,U,N,N/A,N,,Y (PELVIC),ASO10-48,N,,V16-6L (70-90 sec); A69-1303; 3650 Days,47835,1093212,,HH1919,ASO10-48,,1,10,3,3,GW,Striper II,MP/GS,9:34,9:40,6,8,"FAIR, TORN DORSAL, CAUDAL; BLOODY CAUDAL",FAIR,SWAM OFF
WST,E. MILLER USACE,9/29/10,grizzly bay,sunny,9:40,38.06486,-122.02445,21,DFG Trammel Net,113,126,,,U,U,N,N/A,N,,Y (anal),ASO10-49,N,,V16-6L (70-90 sec); A69-1303; 3650 Days,47836,1093213,,ST12920,ASO10-49,,1,10,3,3,GW,Striper II,MP/GS,9:45,9:49,5,9,"WELL HEALED PROP STRIKE ON DORSAL, FISH HEALTHY OTHERWISE",good swam off,SWAM OFF
WST,E. MILLER USACE,9/29/10,grizzly bay,sunny,10:37,38.06449,-122.0324,22,DFG Trammel Net,102,117,,,U,U,N,N/A,N,,Y (anal),ASO10-50,N,,V16-6L (70-90 sec); A69-1303; 3650 Days,47837,1093214,,FF1920,ASO10-50,,1,10,3,3,GW,Striper II,MP/GS,10:40,10:43,3,6,"GOOD, SPLIT DORSAL, CAUDAL",GOOD,SWAM OFF
WST,E. MILLER USACE,9/29/10,grizzly bay,sunny,10:45,38.06449,-122.0324,22,DFG Trammel Net,119,135,,,U,U,N,N/A,N,,Y (anal),ASO10-51,N,,V16-6L (70-90 sec); A69-1303; 3650 Days,47838,1093215,,FF1921,ASO10-51,,1,10,3,3,GW,Striper II,MP/GS,10:48,10:53,5,8,good,good swam off,swam off
WST,E. MILLER USACE,9/29/10,grizzly bay,sunny,11:33,,,22,DFG Trammel Net,121,138,,,U,U,N,N/A,N,,Y (anal),ASO10-52,N,,V16-6L (70-90 sec); A69-1303; 3650 Days,47839,1093216,,FF1921,ASO10-52,,1,10,3,3,GW,Striper II,GS/MP,11:35,11:41,6,8,fair,fair,"red around mouth, split dorsal, little blood"
WST,E. MILLER USACE,9/29/10,grizzly bay,sunny,11:35,,,22,DFG Trammel Net,124,141,,,U,U,N,N/A,N,,Y (anal),ASO10-53,N,,V16-6L (70-90 sec); A69-1303; 3650 Days,47840,1093217,,ST12922,ASO10-53,,1,10,3,3,GW,Striper II,GS/MP,11:44,11:50,6,15,fair,"fair, swam off","split/bloody dorsal, little bleeding"
WST,E. MILLER USACE,9/29/10,grizzly bay,sunny,12:30,38.06439,-122.03387,22.5,DFG Trammel Net,111,125,,,U,U,N,N/A,N,,N,,N,,V16-6L (70-90 sec); A69-1303; 3650 Days,47842,1093219,,FF1922,ASO10-54,,1,10,3,3,GW,Striper II,MP/GS,12:34,12:37,3,7,"fair, split caudal","slight reddening, swam off",no genetics taken
WST,E. MILLER USACE,9/29/10,grizzly bay,sunny,12:40,38.06439,-122.03387,22.5,DFG Trammel Net,107,122,,,U,U,N,N/A,N,,Y (anal),ASO10-55,N,,V16-6L (70-90 sec); A69-1303; 3650 Days,47843,1093220,,HH1922,ASO10-55,,1,10,3,3,GW,Striper II,MP/GS,12:41,12:45,,,"good, split caudal",good,swam off
WST,E. MILLER USACE,9/29/10,grizzly bay,sunny,13:28,,,22,DFG Trammel Net,116,133,,,U,U,N,N/A,N,,Y (anal),ASO10-56,N,,V16-6L (70-90 sec); A69-1303; 3650 Days,47844,1093221,,ST12923,ASO10-56,,1,10,3,3,GW,Striper II,MP/GS,13:34,13:38,4,10,"bloody dorsal, split",good,swam off
WST,E. MILLER USACE,10/4/10,grizzly bay,,,38.06811,-122.02872,20,DFG Trammel Net,90,103,,,U,U,N,N/A,N,,Y (anal),ASO10-57,N,,V16-6L (70-90 sec); A69-1303; 3650 Days,47845,1093222,,FF1923,ASO10-57,,1,10,2,3,,,GS/MP,8:12,8:16,4,6,good,good,swam off
WST,E. MILLER USACE,10/4/10,grizzly bay,,,38.06635,-122.02561,22,DFG Trammel Net,107,120,,,U,U,N,N/A,N,,Y (anal),ASO10-58,N,,V16-6L (70-90 sec); A69-1303; 3650 Days,47846,1093223,,HH1923,ASO10-58,,1,10,2,3,"K. Flowers, K. Erly, D. Fidler",,GS/MP,10:04,10:08,4,6,good,good,"swam off; split pelvic, dorsal, caudal fin"
WST,E. MILLER USACE,10/4/10,grizzly bay,,,38.06635,-122.02561,22,DFG Trammel Net,104,118,,,U,U,N,N/A,N,,Y (anal),ASO10-59,N,,V16-6L (70-90 sec); A69-1303; 3650 Days,47847,1093224,,FF1924,ASO10-59,,1,10,3,3,,,GS/MP,10:09,10:15,6,11,good,good,swam off
WST,E. MILLER USACE,10/4/10,grizzly bay,,,38.0661,-122.02518,21,DFG Trammel Net,134,152,,,U,U,N,N/A,N,,Y (anal),ASO10-60,N,,V16-6L (70-90 sec); A69-1303; 3650 Days,47848,1093225,,HH1924,ASO10-60,,1,10,3,3,,,GS/MP,11:05,11:09,4,6,good,good,swam off
WST,E. MILLER USACE,10/4/10,grizzly bay,,,38.0661,-122.02518,22,DFG Trammel Net,119,133,,,U,U,N,N/A,N,,Y (anal),ASO10-61,N,,V16-6L (70-90 sec); A69-1303; 3650 Days,47849,1093226,,ST12925,ASO10-61,,1,10,3,3,,,GS/MP,11:13,11:15,5,7,good,good,swam off
WST,E. MILLER USACE,10/4/10,grizzly bay,,,38.06955,-122.02813,21,DFG Trammel Net,128,143,,,U,U,N,N/A,N,,Y (anal),ASO10-62,N,,V16-6L (70-90 sec); A69-1303; 3650 Days,47850,1093227,,HH1925,ASO10-62,,1,10,3,3,,,MP/GS,12:06,12:11,5,10,split dorsal,good,swam off
WST,E. MILLER USACE,10/4/10,grizzly bay,,,38.06955,-122.02813,21,DFG Trammel Net,107,124,,,U,U,N,N/A,N,,Y (anal),ASO10-63,N,,V16-6L (70-90 sec); A69-1303; 3650 Days,47851,1093228,,ST12926,ASO10-63,,1,10,3,3,,,MP/GS,12:13,12:18,5,15,good ,good,swam off
WST,E. MILLER USACE,10/4/10,grizzly bay,,,38.06469,-122.02878,,DFG Trammel Net,107,122,,,U (male?),U,Y,N/A,N,,Y (anal),ASO10-64,N,,V16-6L (70-90 sec); A69-1303; 3650 Days,47852,1093229,,FF1927,ASO10-64,,1,10,3,3,,,MP/GS,13:03,13:08,,8,"split dorsal, posterior redened",fair,swam off
WST,E. MILLER USACE,10/5/10,grizzly bay,,,38.06816,-122.02894,22,DFG Trammel Net,90,112,,,F,Y,Y,Y,N,,Y (anal),ASO10-65,N,,V16-6L (70-90 sec); A69-1303; 3650 Days,47853,1093230,,HH1926,ASO10-65,,1,10,3,3,,,EM/MP,8:13,8:17,4,8,good,good; swam off kicking,slight puckering of incision site; looked like mature eggs - dark and ~3-4 mm in diameter
WST,E. MILLER USACE,10/5/10,grizzly bay,,,38.06745,-122.02985,23,DFG Trammel Net,89,100,,,U,U,N,N/A,N,,Y (anal),ASO10-66,N,,V16-6L (70-90 sec); A69-1303; 3650 Days,47854,1093231,,ST12928,ASO10-66,,1,10,3,3,,,MP/EM,,,<8,<12,fair,fair; swam off,slight puckering 
WST,E. MILLER USACE,10/5/10,grizzly bay,,13:00,38.07067,-122.02841,22.5,DFG Trammel Net,142,156,,,U,U,N,N/A,N,,Y (anal),ASO10-67,N,,V16-6L (70-90 sec); A69-1303; 3650 Days,47855,1093232,,HH1928,ASO10-67,,1,10,3,4,,,MP/EM,,,<10,<12,fair,fair,
WST,E. MILLER USACE,10/5/10,grizzly bay,,,38.07067,-122.02841,22.5,DFG Trammel Net,127,142,,,U,U,N,N/A,N,,Y (anal),ASO10-68,N,,V16-6L (70-90 sec); A69-1303; 3650 Days,47856,1093233,,FF1929,ASO10-68,,1,10,3,3,,,MP/GS,13:16,13:23,7,12,"fair, split caudal",,
WST,E. MILLER USACE,10/6/10,grizzly bay,sunny,8:15,38.06601,-122.02911,23,DFG Trammel Net,192,184,,,F,Y,Y,Y,N,,Y (anal),ASO10-69,N,,V16-6L (70-90 sec); A69-1303; 3650 Days,47857,1093234,,HH1929,ASO10-69,,1,10,3,3,KF,Striper II,MP/GS,,,<5,<10,"good,fresh catch",good; swam off,"used sling on floor of boat, wood not fit in cradle"
WST,E. MILLER USACE,10/6/10,grizzly bay,sunny,9:45,38.07038,-122.02992,23,DFG Trammel Net,124,144,,,U,U,N,N/A,N,,Y (anal),ASO10-70,N,,V16-6L (70-90 sec); A69-1303; 3650 Days,47858,1093235,,ST12930,ASO10-70,,1,10,3,3,KF,Striper II,MP/GS,9:49,9:52,3,7,good,good; swam off,
WST,E. MILLER USACE,10/6/10,grizzly bay,sunny,10:40,38.06648,-122.02523,24,DFG Trammel Net,117,129,,,U,U,N,N/A,N,,Y (anal),ASO10-71,N,,V16-6L (70-90 sec); A69-1303; 3650 Days,47859,1093236,,FF1930,ASO10-71,,1,10,3,3,,Striper II,MP/GS,10:43,10:48,5,8,split dorsal,good swam off,
WST,E. MILLER USACE,10/6/10,grizzly bay,sunny,11:51,38.0654,-122.02531,20,DFG Trammel Net,137,152,,,U,U,N,N/A,N,,Y,ASO10-72,N,,V16-6L (70-90 sec); A69-1303; 3650 Days,47860,1093237,,ST12931,ASO10-72,,1,10,3,3,Ken,Striper II,GS/MP,11:52,11:57,5,6,good,good,swam off
WST,E. MILLER USACE,10/6/10,grizzly bay,sunny,11:59,38.06536,-122.02349,20,DFG Trammel Net,147,163,,,U,U,N,N/A,N,,Y,ASO10-73,N,,V16-6L (70-90 sec); A69-1303; 3650 Days,47861,1093238,,HH1931,ASO10-73,,1,10,3,3,K. Flowers,Striper II,GS/MP,12:02,,,,"fair; split caudal, split dorsal, red around mouth and tail",fair; swam off,swam off
WST,E. MILLER USACE,10/7/10,grizzly bay,sunny,10:46,38.06556,-122.02576,17,DFG Trammel Net,111,125,,,U,U,N,N/A,N,,Y,ASO10-74,N,,V16-6L (70-90 sec); A69-1303; 3650 Days,47862,1093239,,FF1932,ASO10-74,,1,10,3,3,R. Soto,Striper II,GS/MP,10:50,10:55,5,9,good ,good,swam off
WST,E. MILLER USACE,10/7/10,grizzly bay,sunny,10:54,38.06556,-122.02576,17,DFG Trammel Net,122,137,,,U,U,N,N/A,N,,Y,ASO10-75,N,,V16-6L (70-90 sec); A69-1303; 3650 Days,47863,1093240,,ST12933,ASO10-75,,1,10,3,3,R. Soto,Striper II,GS/MP,10:58,11:04,6,10,good (red around tail),good; swam off,"1 loose suture; slight abrasion on gills, rt ventral side"
WST,E. MILLER USACE,10/12/10,grizzly bay,sunny,12:40,38.06685,-122.02764,21,DFG Trammel Net,100,114,,,U,U,N,N/A,N,,Y,ASO10-76,Y(taken 8/6/2011),ASO10-76/47864,V16-6L (70-90 sec); A69-1303; 3650 Days,47864,1093241,,FF1851,ASO10-76,,1,10,3,3,R. Soto,Striper II,GS/EM,12:58,13:07,9,27,good,good,swam off; slightly puckering
WST,E. MILLER USACE,10/12/10,grizzly bay,sunny,12:43,38.06685,-122.02764,21,DFG Trammel Net,157,177,,,U,U,N,N/A,N,,Y,ASO10-77,N,,V16-6L (70-90 sec); A69-1303; 3650 Days,47865,1093242,,HH1851,ASO10-77,,1,10,3,3,R. Soto,Striper II,GS/EM,12:45,12:57,12,14,good,good,slight bleeding; engorged
WST,E. MILLER USACE,10/13/10,grizzly bay,sunny,8:50,38.06684,-122.027,19,DFG Trammel Net,121,137,,,U,U,N,N/A,N,,Y,ASO10-79,N,,V16-6L (70-90 sec); A69-1303; 3650 Days,47866,1093243,,FF1852,ASO10-79,,1,10,3,3,B. DELANO,Striper II,KO/GS,8:55,8:59,4,9,GOOD,GOOD,SWAM OFF
WST,E. MILLER USACE,10/14/10,grizzly bay,sunny,12:15,38.06662,-122.02314,20,DFG Trammel Net,115,132,,,U,U,N,N/A,N,,Y,ASO10-78,N,,V16-6L (70-90 sec); A69-1303; 3650 Days,47867,1093244,,12852,ASO10-78,,1,10,3,3,R. Soto,Striper II,KO/GS,12:20,12:22,2,7,"fair; split caudal and dorsal, abbrasion next to left pelvic",fair; swam off,"split caudal and dorsal, abbrasion next to left pelvic"
WST,E. MILLER USACE,10/14/10,grizzly bay,sunny,13:00,38.06433,-122.02042,21,DFG Trammel Net,109,124,,,U,U,N,N/A,N,,Y,ASO10-80,N,,V16-6L (70-90 sec); A69-1303; 3650 Days,47868,1093245,,HH1852,ASO10-80,,1,10,3,3,R. Soto,Striper II,KO/GS,13:03,13:08,5,8,"fair; split caudal and dorsal, abbrasion next to left pelvic",fair; swam off,"torn dorsal, caudal, andal, r pelvic"
WST,E. MILLER USACE,10/14/10,grizzly bay,mostly sunny,14:30,38.06374,-122.02298,21,DFG Trammel Net,98,113,,,U,U,N,N/A,N,,N,,N,,V16-6L (70-90 sec); A69-1303; 3650 Days,47869,1093246,,FF1853,ASO10-81,,1,10,3,3,R. Soto,Striper II,KO/GS,14:32,14:35,3,5,good,good,"torn dorsal and caudal, swam off"
WST,E. MILLER USACE,8/17/10,grizzly bay,OVERCAST BREEZY CHOPPY,12:25,38.0679,-122.0304,15,DFG Trammel Net,108,124,,,F,N,Y,Y,N,,Y (anal),ASO10-01,N,,V16-6L (70-90 sec); A69-1303; 3650 Days,62769,1079349,,,ASO10-01,,PDS 2 SIZE 1,10,4,4,GARY WEBB,NEW ALOSA,MP/MT,,,,,GOOD,GOOD,
WST,E. MILLER USACE,8/17/10,grizzly bay,OVERCAST BREEZY CHOPPY,12:25,38.0679,-122.0304,15,DFG Trammel Net,141,161,,,F,N,Y,Y IMMATURE,N,,N,,N,,V16-6L (70-90 sec); A69-1303; 3650 Days,62770,1079350,,,ASO10-02,,PDS 2 SIZE 1,10,4,4,GW,NEW ALOSA,MP/MT,,,,,GOOD,GOOD,no genetics taken
WST,E. MILLER USACE,8/17/10,grizzly bay,OVERCAST BREEZY CHOPPY,12:25,38.0679,-122.0304,15,DFG Trammel Net,125.5,146,,,U,U,N,N/A,N,,N,,N,,V16-6L (70-90 sec); A69-1303; 3650 Days,62771,1079351,,,ASO10-03,,PDS 2 SIZE # 0,10,3,3,GW,NEW ALOSA,MP/MT,,,,,GOOD,GOOD,"ATROPHIED EGGS, REALLY SUCKED UP, NO GENETICS"
WST,E. MILLER USACE,8/18/10,SPB,PRT CLOUDY,8:45,38.06025,-122.22336,,DFG Trammel Net,147.5,167,,,M,,N,N,N,,Y,ASO10-04,N,,V16-6L (70-90 sec); A69-1303; 3650 Days,62772,1079352,,HH1839,ASO10-04,,1,10,4,3,,,MT/MP,,,,,SLIGHTLY STRESSED RED IN FINS,SWAM OFF IMMATURE,
WST,E. MILLER USACE,8/18/10,SPB,SUNNY,9:58,38.05067,-122.2095,15,DFG Trammel Net,114.5,129.5,,,U,,,,N,,Y,ASO10-05,N,,V16-6L (70-90 sec); A69-1303; 3650 Days,62773,1079353,,ST12840,ASO10-05,,1,10,4,3.5,,,MT/MP,,,,,GOOD,GOOD SWAM OFF,
WST,E. MILLER USACE,8/19/10,SPB,OVERCAST,7:58,38.0489,-122.22263,16,DFG Trammel Net,128,146,,,U,N,N,N,N,,Y ,ASO10-06,N,,V16-6L (70-90 sec); A69-1303; 3650 Days,62774,1079354,,HH1075,ASO10-06,,1,10,3,3,GW,NEW ALOSA,GS/MP,8:02,8:08,6,10,GOOD,good swam off,SPLIT DORSAL
WST,E. MILLER USACE,8/24/10,SPB,CALM/SUNNY,8:47,38.0456,-122.2118,17,DFG Trammel Net,151,171,,,F,post-spawn,N,N/A,N,,Y (anal),ASO10-07,N,,V16-6L (70-90 sec); A69-1303; 3650 Days,62775,1079355,,HH1840,ASO10-07,,1,10,3,4,BD,NEW ALOSA,MP/GS,,,<15,<15,GOOD,good swam off,"8"" MESH SET #2"
WST,E. MILLER USACE,8/24/10,SPB,CALM/SUNNY,9:24,38.05176,-122.20878,17,DFG Trammel Net,136,152,,,U,post-spawn,N,N/A,N,,Y (anal),ASO10-08,N,,V16-6L (70-90 sec); A69-1303; 3650 Days,62776,1079356,,FF1841,ASO10-08,,1,10,3,4,BD,NEW ALOSA,MP/GS,9:49,9:55,6,10,"BLOODY DORSAL, CUT LEFT PELVIC FIN",SWAM OFF,CUT LEFT PELVIC FIN
WST,E. MILLER USACE,8/25/10,SUISUN BAY,SUNNY,10:13,38.06701,-122.0296,19,DFG Trammel Net,113.5,128,,,F,N,Y,Y (PREVITELLOGENIC),N,,Y (anal),ASO10-09,N,,V16-6L (70-90 sec); A69-1303; 3650 Days,62777,1079357,,HH1941,ASO10-09,,1,10,3,3,BD,NEW ALOSA,MP/GS,,,,16,"CUT DORSAL FIN, ANAL FIN, PELVIC FIN RED",SWAM OFF,"JOEL'S FISH #1, ULTRASOUNDS @ 10:16 BY JE"
WST,E. MILLER USACE,9/20/10,SPB,SUNNY,8:05,38.04473,-122.24479,15,DFG Trammel Net,135,151,,,U,U,N,N/A,N,,Y (anal),ASO10-10,N,,V16-6L (70-90 sec); A69-1303; 3650 Days,62779,1079358,,FF1946,ASO10-10,,1,10,3,3,BD,NEW ALOSA,GS/MP,8:08,8:17,9,12,GOOD,GOOD,TORN DORSAL
WST,E. MILLER USACE,9/20/10,SPB,CLEAR SUNNY,9:29,38.05183,-122.20537,16,DFG Trammel Net,153,173,,,F,Y,Y,Y,N,,Y (anal),ASO10-11,N,,V16-6L (70-90 sec); A69-1303; 3650 Days,62780,1079359,,HH1846,ASO10-11,,1,10,3,3,GARY WEBB,NEW ALOSA,GS/MP,9:33,9:41,8,12,GOOD,GOOD,"SCRATCH ON RIGHT SIDE OF BODY ~ 5 CM LONG, SPLIT CAUDAL"
WST,E. MILLER USACE,9/20/10,SPB,CLEAR SUNNY,10:42,38.0471,-122.19609,16,DFG Trammel Net,120,138,,,U,U,N,N/A,N,,Y (anal),ASO10-12,N,,V16-6L (70-90 sec); A69-1303; 3650 Days,62781,1079360,,ST12847,ASO10-12,,1,10,3,3,GW,NEW ALOSA,EM/MP,10:48,10:54,6,12,GOOD,"GOOD, SWAM OFF","SLIGHT BLEEDING DURING SURGERY, SPLIT CAUDAL"
WST,E. MILLER USACE,9/21/10,SPB,OVERCAST,8:15,38.03292,-122.21487,15,DFG Trammel Net,87,100,,,U,U,N,N/A,N,,Y (anal),ASO10-13,N,,V16-6L (70-90 sec); A69-1303; 3650 Days,62782,1079361,,FF1847,ASO10-13,,1,10,2,3,GW,NEW ALOSA,EM/GS,8:18,8:21,3,6,"FAIR, SPLIT CAUDAL, BLOODY CAUDAL SECTION",FAIR,
WST,E. MILLER USACE,9/21/10,SPB,OVERCAST,8:20,38.03292,-122.21487,15,DFG Trammel Net,99,111,,,U,U,N,N/A,N,,Y (anal),ASO10-14,N,,V16-6L (70-90 sec); A69-1303; 3650 Days,62783,1079362,,HH1847,ASO10-14,,1,10,3,4,GW,NEW ALOSA,EM/GS,8:25,8:30,5,10,"GOOD, SPLIT CAUDAL",GOOD,
WST,E. MILLER USACE,9/22/10,grizzly bay,,7:59,,,,DFG Trammel Net,119,132,,,U,U,N,N/A,N,,Y,ASO10-15,N,,V16-6L (70-90 sec); A69-1303; 3650 Days,62784,1079363,,ST12907,ASO10-15,,1,10,3,3,BD,Striper II,GS/MP,8:02,8:10,8,11,GOOD,GOOD,SWAM OFF
WST,E. MILLER USACE,9/22/10,grizzly bay,"SUNNY, WINDY",8:01,38.06558,-122.02665,17,DFG Trammel Net,120,136,,,M,U,N,N/A,N,,Y,ASO10-16,N,,V16-6L (70-90 sec); A69-1303; 3650 Days,62785,1079364,,FF1907,ASO10-16,,1,10,3,3,BD,Striper II,GS/MP,8:11,8:19,8,18,GOOD,GOOD,SWAM OFF
WST,E. MILLER USACE,9/22/10,grizzly bay,"SUNNY, WINDY",8:53,38.06812,-122.02605,17,DFG Trammel Net,94,109,,,U,U,N,N/A,N,,Y (anal),ASO10-17,N,,V16-6L (70-90 sec); A69-1303; 3650 Days,62786,1079365,,HH1907,ASO10-17,,1,10,2,3,BD,Striper II,GS/MP,8:55,9:01,6,8,GOOD,GOOD,SWAM OFF
WST,E. MILLER USACE,9/22/10,grizzly bay,"SUNNY, WINDY",8:58,38.06851,-122.02549,17,DFG Trammel Net,120,134,,,F,Y,Y,Y,N,,Y (anal),ASO10-18,N,,V16-6L (70-90 sec); A69-1303; 3650 Days,62787,1079366,,ST12908,ASO10-18,,1,10,3,3,BD,Striper II,GS/MP,9:03,9:09,6,11,GOOD,GOOD,SWAM OFF
WST,E. MILLER USACE,9/22/10,grizzly bay,SUNNY,9:54,38.06691,-122.02508,18,DFG Trammel Net,113,118,,,U,U,N,N/A,N,,Y (anal),ASO10-19,N,,V16-6L (70-90 sec); A69-1303; 3650 Days,62788,1079367,,FF1908,ASO10-19,,1,10,3,3,BD,Striper II,MP/GS,10:08,10:13,5,19,GOOD,"GOOD - SWAM OFF, SLIGHT REDDENING OF CAUDAL DURING SURGERY",
WST,E. MILLER USACE,9/22/10,SUISUN BAY,S,11:37,38.06596,-122.02448,19,DFG Trammel Net,95,109,,,U,U,N,N/A,N,,Y (anal),ASO10-20,N,,V16-6L (70-90 sec); A69-1303; 3650 Days,62789,1079368,,HH1908,ASO10-20,,1,10,3,3,BD,Striper II,MP/GS,11:40,11:46,6,9,"SPLIT CAUDAL, DORSAL","GOOD, SWAM OFF",BLEED FROM PETERSON TAGGING
WST,E. MILLER USACE,9/23/10,grizzly bay,SUNNY,11:05,38.07142,-122.03453,19,DFG Trammel Net,166,185,,,F,Y,Y,Y,N,,Y (anal),ASO10-21,N,,V16-6L (70-90 sec); A69-1303; 3650 Days,62790,1079369,,ST12909,ASO10-21,,1,10,3,3,R. Soto,Striper II,MP/GS,11:10,11:14,4,9,"DECENT, END OF NET","REDDENED CAUDAL, SWAM OFF","SUTURE SLIGHTLY PUCKERED, LIGHT BLEED"
WST,E. MILLER USACE,9/23/10,grizzly bay,SUNNY,12:50,38.06948,-122.02629,19.5,DFG Trammel Net,137,157,,,U,U,N,N/A,N,,Y (anal),ASO10-22,N,,V16-6L (70-90 sec); A69-1303; 3650 Days,62791,1079370,,FF1909,ASO10-22,,1,10,3,4,R. Soto,Striper II,MP/GS,12:54,13:00,6,10,CUT UPPER LOBE DORSAL FIN SPLIT PELVIC,SWAM OFF,
WST,E. MILLER USACE,9/23/10,grizzly bay,SUNNY (BEAUFORT F. 1),13:44,38.06198,-122.02079,19.5,DFG Trammel Net,107,120,,,F,U,Y,Y,N,,Y (anal),ASO10-23,N,,V16-6L (70-90 sec); A69-1303; 3650 Days,62792,1079371,,HH1909,ASO10-23,,1,10,3,4,R. Soto,Striper II,GS/MP,13:49,13:56,7,12,GOOD,GOOD,"SWAM OFF, SPLIT ANAL"
WST,E. MILLER USACE,9/23/10,grizzly bay,sunny,14:00,38.06198,-122.02079,19.5,DFG Trammel Net,110,125,,,U,U,N,N/A,N,,Y (anal),ASO10-24,N,,V16-6L (70-90 sec); A69-1303; 3650 Days,62793,1079372,,ST12910,ASO10-24,,1,10,3,3,R. Soto,Striper II,GS/MP,14:02,,,,FAIR,,SPLIT BLOODY DORSAL
WST,E. MILLER USACE,9/23/10,grizzly bay,sunny,14:56,38.06342,-122.0229,19.5,DFG Trammel Net,155,171,,,U,U,N,N/A,N,,Y (anal),ASO10-25,N,,V16-6L (70-90 sec); A69-1303; 3650 Days,62794,1079373,,FF1910,ASO10-25,,1,10,3,3,R. Soto,Striper II,GS/MP,14:58,15:06,8,10,GOOD,GOOD,"SWAM OFF VERY FAST, LITTLE BLOOD"
WST,E. MILLER USACE,9/23/10,grizzly bay,sunny,15:00,38.06342,-122.0229,19.5,DFG Trammel Net,120,136,,,U,U,N,N/A,N,,Y (anal),ASO10-26,N,,V16-6L (70-90 sec); A69-1303; 3650 Days,62795,1079374,,HH1910,ASO10-26,,1,10,3,3,R. Soto,Striper II,GS/MP,15:06,15:14,8,14,GOOD,GOOD,"SWAM OFF, SLIGHTLY PUCKERED"
WST,E. MILLER USACE,9/27/10,grizzly bay,sunny,8:36,38.06282,-122.03258,19,DFG Trammel Net,119,135,,,F,U,Y,,N,,Y (anal),ASO10-27,N,,V16-6L (70-90 sec); A69-1303; 3650 Days,62796,1079375,,FF1911,ASO10-27,,1,10,3,4,GW,Striper II,MP/GS,,,<6,<10,,,
WST,E. MILLER USACE,9/27/10,grizzly bay,sunny,8:36,38.06282,-122.03258,19,DFG Trammel Net,94,107,,,U,U,N,N/A,N,,Y (anal),ASO10-28,N,,V16-6L (70-90 sec); A69-1303; 3650 Days,62797,1079376,,ST12912,ASO10-28,,1,10,3,3,GW,Striper II,MP/GS,,,<6,<10,GOOD,GOOD,
WST,E. MILLER USACE,9/27/10,grizzly bay,sunny,8:36,38.06282,-122.03258,19,DFG Trammel Net,110,129,,,U,U,Y,,N,,Y (anal),ASO10-29,N,,V16-6L (70-90 sec); A69-1303; 3650 Days,62798,1079377,,FF1912,ASO10-29,,1,10,3,3,GW,Striper II,MP/GS,,,<6,20,"GOOD, DISTENDEDD BELLY","GOOD, SWAM OFF",
WST,E. MILLER USACE,9/23/10,grizzly bay,sunny,8:35,,,19,DFG Trammel Net,175,197,,,U,U,Y,,N,,Y,ASO10-30,N,,V16-6L (70-90 sec); A69-1303; 3650 Days,62799,1079378,,HH1912,ASO10-30,,1,10,3,3,GW,Striper II,MP/GS,,8:48,<6,13,GOOD,"SLIGHTLY REDDENED CAUDAL, SWAM OFF",
WST,E. MILLER USACE,9/27/10,grizzly bay,sunny,9:25,38.06287,-122.02943,19,DFG Trammel Net,135,154,,,U,U,N,N/A,N,,Y,ASO10-32,N,,V16-6L (70-90 sec); A69-1303; 3650 Days,62800,1079379,,FF1913,ASO10-32,,1,10,3,3,GW,Striper II,GS/MP,9:30,9:35,5,10,GOOD,GOOD,SWAM OFF
WST,E. MILLER USACE,9/27/10,grizzly bay,sunny,10:51,,,20,DFG Trammel Net,93,107,,,U,U,N,N/A,N,,Y,ASO10-33,N,,V16-6L (70-90 sec); A69-1303; 3650 Days,62801,1079380,,HH1913,ASO10-33,,1,10,3,3,GW,Striper II,GS/MP,10:53,11:58,5,7,GOOD,GOOD,SPLIT DORSAL
WST,E. MILLER USACE,9/27/10,grizzly bay,sunny,8:35,,,19,DFG Trammel Net,103,115,,,U,U,N,N/A,N,,Y,ASO10-31,N,,V16-6L (70-90 sec); A69-1303; 3650 Days,,,,ST12913,ASO10-31,,1,10,3,3,GW,Striper II,MP/GS,8:52,8:56,4,,"FAIR, REDDENED CAUDAL DORSAL","GOOD, REDDENED CAUDAL, DORSAL; SWAM OFF","TOOK PRACTICE FIN RAY SAMPLE, DID NOT TAG W/ACOUSTIC TAG"
WST,E. MILLER USACE,8/16/11,SB,Sunny,9:50,38 06.363,122 02.421,19.5,DFG Trammel Net,134,152,,,F,Y,Y,Y,,,Y (anal),ASO11-2/56421,,,V16,56421,1119453,,ST13028,ASO11-02,,0,#10,2,5,Ken,Striper 2,GL/GS,952,956,4,6,Good,Good,
WST,E. MILLER USACE,8/2/11,SPB,Overcast,9:50,38 02.690,122 22.633,,DFG Trammel Net,120,138,,,U,U,U,U,,,Y (anal),ASO11-03/47871,,,V16,47871,1093248,,FF2006,ASO11-03,,1,#10,2,3,Gary,New Alosa,BJ/EM,953,1002,9,12,Good,Good,
WST,E. MILLER USACE,8/16/11,SB,Sunny,9:55,38 06.378,122 02.421,19.5,DFG Trammel Net,135,154,,,F,Y,Y,Y,,,Y (anal),ASO11-4/56422,,,V16,56422,1119454,,FF2028,ASO11-04,,0,#10,2,5,Ken,Striper 2,GL/GS,958,1000,2,5,Good,Good,
WST,E. MILLER USACE,8/2/11,SPB,Sunny,10:43,38 04.628,122 21.871,19,DFG Trammel Net,99,121,,,U,U,N,U,,,Y (anal),ASO11-05/47872,,,V16,47872,1093249,,HH2006,ASO11-05,,0,#10,3,4,Gary,New Alosa,BJ/EM,1048,1054,6,11,Good,Good,
WST,E. MILLER USACE,8/16/11,SB,Sunny,10:41,38 06.338,122 02.514,20,DFG Trammel Net,115,131,,,U,U,N,N,,,Y (anal),ASO11-6/56423,,,V16,56423,1119454,,ST13029,ASO11-06,,0,#10,3,5,Ken,Striper 2,GL/GS,1043,1046,3,5,Good,Good,
WST,E. MILLER USACE,8/3/11,SPB,Overcast,7:43,38 02.501,122 22.641,17,DFG Trammel Net,159,179,,,U,U,N,N,,,Y (anal),ASO11-07/47873,,,V16,47873,1093250,,13007,ASO11-07,,0,#10,3,4,Gary,New Alosa,GL/EM,752,759,7,16,Fair,Good,
WST,E. MILLER USACE,8/16/11,SB,Sunny,11:26,38 06.465,122 02.493,20,DFG Trammel Net,120,138,,,F,Y,Y,Y,,,Y (anal),ASO11-8/56424,,,V16,56424,1119456,,FF2029,ASO11-08,,0,#10,3,5,Ken,Striper 2,GL/GS,1128,1133,5,7,Good,Good,
WST,E. MILLER USACE,8/3/11,SPB,Overcast,7:50,38 02.501,122 22.641 ,17,DFG Trammel Net,114,129,,,U,U,N,N,,,Y (anal),ASO11-09/47874,,,V16,47874,1093251,,FF2007,ASO11-09,,0,#10,2,3,Gary,New Alosa,GL/EM,804,808,4,18,Good,Good,slight bleed
WST,E. MILLER USACE,8/17/11,SB,Sunny,10:56,38 06.180,122 03.150,20,DFG Trammel Net,88,103,,,U,U,N,N,,,Y (anal),ASO11-10/56420,,,V16,56420,1119452,,ST13030,ASO11-10,,1,#10,3,4,Ken,Striper 2,GL/MP,1058,1103,5,7,Good,Good,
WST,E. MILLER USACE,10/11/11,sb,sunny,11:07,38 06.108,122 03.302,18,DFG Trammel Net,156,176,,,u,u,n,n,,,Y (anal),ASO11-101/56446,y,ASO11-101/56446,v16,56446,1119478,,FF2170,ASO11-101,,0,10,3,3,gary webb,New Alosa,TB/GL,11:10,11:15,5,8,good,good,
WST,E. MILLER USACE,10/17/11,sb,sunny,11:50,38 06.288,122 03.270,19,DFG Trammel Net,,125,,,u,u,n,n,,,Y (anal),ASO11-103/56447,y,ASO11-103/56447,v16,56447,1119479,,FF2176,ASO11-103,,0,10,3,3,gary webb,New Alosa,TB/EM,11:53,11:58,5,8,good,good,
WST,E. MILLER USACE,10/19/11,sb,sunny,7:40,38 06.250,122 02.748,17,DFG Trammel Net,135,152,,,u,u,n,n,,,Y (anal),ASO11-105/56448,y,ASO11-105/56448,v16,56448,1119480,,HH2177,ASO11-105,,0,10,3,4,brian,New Alosa,GL/EM,7:44,7:48,4,8,"fair, fins torn",good,slight puckering
WST,E. MILLER USACE,8/3/11,SPB,Overcast,8:00,38 02.501,122 22.641,17,DFG Trammel Net,109,123,,,U,U,N,N,,,Y (anal),ASO11-11/47875,,,V16,47875,1093252,,ST13008,ASO11-11,,0,#10,2,3,Gary,New Alosa,GL/EM,815,920,5,20,Good,Good,
WST,E. MILLER USACE,8/17/11,SB,Sunny,11:37,38 06.061,122 03.014,20,DFG Trammel Net,118,134,,,U,U,N,N,,,Y (anal),ASO11-12/56419,,,V16,56419,1119451,,FF2030,ASO11-12,,0,#10,3,4,Ken,Striper 2,GL/MP,1139,1144,5,7,Fair ,Fair,"red on caudal, split on caudal"
WST,E. MILLER USACE,8/3/11,SPB,Overcast,10:33,38 02.531,122 22.533,17,DFG Trammel Net,96,110,,,U,U,N,N,,,Y (anal),ASO11-13/47876,,,V16,47876,1093253,,FF2008,ASO11-13,,0,#10,3,3,Gary,New Alosa,GL/EM,1036,1042,6,9,Good,Good,
WST,E. MILLER USACE,8/3/11,SPB,Sunny,11:33,38 04.705,122 21.231,18,DFG Trammel Net,109,125,,,U,U,N,N,,,Y (anal),ASO11-15/47877,,,V16,47877,1093254,,HH2008,ASO11-15,,0,#10,2,3,Gary,New Alosa,GL/EM,1137,1140,3,7,Fair/Good,Good,missing a few scutes
WST,E. MILLER USACE,8/18/11,SB,Sunny,8:43,38 06.485,122 02.853,18,DFG Trammel Net,94,106,,,U,U,N,N,,,Y (anal),ASO11-16/56415,,,V16,56415,1119447,,ST13031,ASO11-16,,0,#10,3,5,Ken,Striper 2,GL/EM,847,853,4,10,Good,Good,
WST,E. MILLER USACE,8/3/11,SPB,Sunny,11:40,38 04.705,122 21.231,18,DFG Trammel Net,129,146,,,U,U,N,N,,,Y (anal),ASO11-17/47878,,,V16,47878,1093255,,ST13009,ASO11-17,,0,#10,3,3,Gary,New Alosa,GL/EM,1144,1149,5,9,Good,Good,slight bleed
WST,E. MILLER USACE,8/18/11,SB,Sunny,8:54,38 06.485,122 02.853,18,DFG Trammel Net,131,150,,,F,Y,Y,Y,,,Y (anal),ASO11-18/56416,,,V16,56416,1119448,,FF2031,ASO11-18,,0,#10,3,5,Ken,Striper 2,GL/EM,857,903,,,Good,Good,
WST,E. MILLER USACE,8/4/11,SPB,Overcast,11:08,38 03.535 ,122 20.148,18,DFG Trammel Net,94,108,,,U,U,N,U,,,Y (anal),ASO11-19/47879,,,V16,47879,1093256,,FF2009,ASO11-19,,0,#10,2,3,Gary,New Alosa,BJ/EM,1110,1115,5,7,Good,Good,"one torn scute, good overall"
WST,E. MILLER USACE,8/18/11,SB,Sunny,11:39,38 06.482,122 02.955,21,DFG Trammel Net,109,123,,,U ,U,N,N,,,Y (anal),ASO11-22/56417,,,V16,56417,1119449,,HH2031,ASO11-22,,0,#10,3,5,Ken,Striper 2,GL/EM,1141,1147,6,8,Good,Good,red lateral side
WST,E. MILLER USACE,8/9/11,SPB,Sunny,12:56,38 03.660 ,122 20.150,19,DFG Trammel Net,114,129,,,U,U,U,U,,,Y (anal),ASO11-23/47881,,,V16,47881,1093258,,FF2010,ASO11-23,,1,#10,3,4,Dave,New Alosa,BJ/EM,1259,1308,9,12,Good,Good,slight bleeding at incision
WST,E. MILLER USACE,8/18/11,SB,Sunny,12:45,38 05.545,122 03.099,21,DFG Trammel Net,97,113,,,U,U,N,N,,,Y (anal),ASO11-24/56413,,,V16,56413,1119445,,FF2032,ASO11-24,,0,#10,3,5,Ken,Striper 2,GL/EM,1249,1253,4,8,Good,Good,
WST,E. MILLER USACE,8/10/11,SB,Sunny,8:38,38 06.195,122 03.358,18,DFG Trammel Net,99,110,,,U,U,U,U,,,Y (anal),ASO11-25/47882,,,V16,47882,1093259,,HH2010,ASO11-25,,0,#10,3,3,Dave,New Alosa,GL/EM,841,847,6,9,Good,Good,
WST,E. MILLER USACE,8/18/11,SB,Sunny,12:44,38 05.545,122 03.099,21,DFG Trammel Net,97,109,,,U,U,N,N,,,Y (anal),ASO11-26/56414,,,V16,56414,1119446,,ST13032,ASO11-26,,0,#10,3,5,Ken,Striper 2,GL/EM,1255,1300,5,16,Good,Good,
WST,E. MILLER USACE,8/10/11,SB,Sunny,8:40,38 06.195,122 03.358,18,DFG Trammel Net,98,110,,,U,U,U,U,,,Y (anal),ASO11-27/46688,,,V16,46688,1098564,,ST13011,ASO11-27,,0,#10,3,3,Dave,New Alosa,GL/EM,850,854,4,14,Fair,Fair,torn pectoral fin
WST,E. MILLER USACE,8/22/11,SB,Foggy,9:00,38 05.207,122 02.716,19,DFG Trammel Net,95,108,,,U,U,N,N,,,Y (anal),ASO11-28/56449,,,V16,56449,1119481,,HH2032,ASO11-28,,0,#10,3,3.5,Ken,Striper 2,BJ/MP,904,911,7,11,Good,Good,
WST,E. MILLER USACE,8/23/11,SB,sunny,10:40,38 07.026,122 03.428,21,DFG Trammel Net,90,105,,,U,U,N,N,,,Y (anal),ASO11-30/56450,,,V16,56450,1119482,,ST13033,ASO11-30,,0,#10,,,Dave,Striper 2,GS/BJ,1047,1056,9,15,Fair,Fair,trammel net wrapped in gills. RECAPTURED in set #5.
WST,E. MILLER USACE,8/11/11,SPB,Overcast,8:20,38 04.387,122 24.168,17,DFG Trammel Net,155,170,,,M,U,U,U,,,Y (anal),ASO11-31/47883,,,V16,47883,1093260,,HH2011,ASO11-31,,0,#10,3,4,Dave,New Alosa,BJ/EM,825,832,7,12,Good,Good,difficult to see upon release
WST,E. MILLER USACE,8/23/11,SB,Sunny,11:35,38 06.980,122 03.466,21,DFG Trammel Net,117,132,,,M,U,N,N,,,Y (anal),ASO11-32/56451,,,V16,56451,1119483,,FF2033,ASO11-32,,0,#10,3,4,Dave,Striper 2,GS/BJ,1140,1152,12,18,Good,Good,
WST,E. MILLER USACE,8/11/11,SPB,Clear,9:21,38 04.863,122 24.468,17,DFG Trammel Net,94,106,,,U,U,U,U,,,Y (anal),ASO11-33/47884,,,V16,47884,1093261,,ST13012,ASO11-33,,0,#10,3,3.5,Dave,New Alosa,BJ/EM,923,929,7,8,Good,Good,difficult to see upon release
WST,E. MILLER USACE,8/23/11,SB,Sunny,11:50,,,21,DFG Trammel Net,141,158,,,U,U,N,N,,,Y (anal),ASO11-34/56452,,,V16,56452,1119484,,ST13034,ASO11-34,,0,#10,3,3.5,Dave,Striper 2,GS/BJ,1154,1158,4,8,Good,Good,swam away slowly
WST,E. MILLER USACE,8/15/11,SPB,Sunny,8:02,38 02.742 ,122 22.360,17,DFG Trammel Net,117,132,,,U,U,N,N,,,Y (anal),ASO11-35/56401,,,V16,56401,1119433,,FF2012,ASO11-35,,0,#10,3,3,Gary,New Alosa,GL/EM,804,809,5,7,Good,Good,
WST,E. MILLER USACE,8/24/11,SB,Sunny,7:30,38 06.772,122 03.002,20,DFG Trammel Net,90,104,,,U,U,N,N,,,Y (anal),ASO11-36/56453,,,V16,56453,1119485,,FF2034,ASO11-36,,0,#10,2,2,Ken,Striper 2,GS/GL,740,754,14,24,Good,Good,
WST,E. MILLER USACE,8/24/11,SB,Sunny,9:00,38 06.564,122 02.871,20,DFG Trammel Net,167,187,,,U,U,N,N,,,Y (anal),ASO11-38/56454,,,V16,56454,1119486,,HH2034,ASO11-38,,0,#10,3,3,Ken,Striper 2,GS/GL,905,913,8,13,Good,Good,
WST,E. MILLER USACE,8/15/11,SPB,Sunny,11:35,38 04.787,122 23.305,18,DFG Trammel Net,91,,,,U,U,N,N,,,Y (anal),ASO11-39/56403,,,V16,56403,1119435,,ST13013,ASO11-39,,0,#10,3,3,Gary,New Alosa,GL/EM,1144,1148,4,9,Good,Good,
WST,E. MILLER USACE,8/24/11,SB,Sunny,11:03,38 05.513,122 02.681,20,DFG Trammel Net,122,141,,,U,U,N,N,,,Y (anal),ASO11-40/56455,,,V16,56455,1119487,,ST13035,ASO11-40,,0,#10,3,4,Ken,Striper 2,GS/GL,1108,1115,7,12,Good,Good,
WST,E. MILLER USACE,8/15/11,SPB,Sunny,12:43,38 05.525,122 23.305,18,DFG Trammel Net,141,156,,,U,U,N,N,,,Y (anal),ASO11-41/56404,,,V16,56404,1119436,,FF2013,ASO11-41,,0,#10,3,3,Gary,New Alosa,GL/EM,1246,1251,5,8,Good,Good,
WST,E. MILLER USACE,8/24/11,SB,Sunny,11:55,38 05.338,122 02.953 ,21,DFG Trammel Net,134,153,,,F,Y,Y,Y,,,Y (anal),ASO11-42/56456,,,V16,56456,1119488,,FF2035,ASO11-42,,0,#10,3,3,Ken,Striper 2,GS/GL,1200,1208,8,13,Fair,Fair,fish had visual signs of stress from net.
WST,E. MILLER USACE,8/25/11,GB,Sunny/Windy,8:55,38 06.412,122 02.833,19,DFG Trammel Net,104,120,,,M,U,Y,U,,,Y (anal),ASO11-46/56458,,,V16,56458,1119490,,FF2036,ASO11-46,,0,#10,3,4,Ken,Striper 2,GL/MP,900,905,5,10,Good,Good,slight reddening of caudal fin.
WST,E. MILLER USACE,8/16/11,GB,Sunny,8:22,38 06.273,122 02.916,19,DFG Trammel Net,111,127,,,U,U,N,N,,,Y (anal),ASO11-47/56409,,,V16,56409,1119441,,ST13015,ASO11-47,,0,#10,3,3.5,Bryan,New Alosa,BJ/EM,841,849,7,27,Good,Good,
WST,E. MILLER USACE,8/16/11,GB,Sunny,8:22,38 06.273,122 02.916,19,DFG Trammel Net,97,113,,,U,U,N,N,,,Y (anal),ASO11-49/56408,,,V16,56408,1119440,,FF2014,ASO11-49,,0,#10,3,3.5,Bryan,New Alosa,BJ/EM,832,839,7,17,Good,Good,
WST,E. MILLER USACE,8/16/11,GB,Sunny,9:20,38 06.386,122 02.509,19,DFG Trammel Net,120,140,,,U,U,N,N,,,Y (anal),ASO11-51/56410,,,V16,56410,1119442,,HH2015,ASO11-51,,0,#10,3,3.5,Bryan,New Alosa,BJ/EM,921,926,5,16,Good,Good,good upon release
WST,E. MILLER USACE,8/16/11,GB,Sunny,12:47,38 06.872,122 02.973,20,DFG Trammel Net,90,104,,,U,U,N,N,,,Y (anal),ASO11-53/56411,,,V16,56411,1119443,,FF2019,ASO11-53,,0,#10,3,3.5,Bryan,New Alosa,BJ/EM,1250,1256,6,9,Good,Good,
WST,E. MILLER USACE,9/12/11,SB,Sunny,10:06,38 06.833,122 02.388,18,DFG Trammel Net,176,196,,,F,Y,Y,Y,,,Y (anal),ASO11-54/56460,Y,ASO11-54/56460,V16,56460,1119492,,FF2057,ASO11-54,,0,#10,3,3.5,Dave,Striper 2,EM/TB,1010,1017,7,11,Good,Good,
WST,E. MILLER USACE,9/27/11,sb,sunny,9:46,38 06.590,122 03.020,19,DFG Trammel Net,109,126,,,u,u,y,n,,,Y (anal),ASO11-56/56461,y,ASO11-56/56461,v16,56461,1119493,,HH2070,ASO11-56,,0,10,3,4,ken,Striper 2,GL/EM,9:52,9:57,5,11,good ,good,
WST,E. MILLER USACE,8/17/11,GB,Sunny,8:00,38 06.132,122 03.009,19,DFG Trammel Net,142,164,,,U,U,N,U,,,Y (anal),ASO11-57/56425,,,V16,56425,1119457,,ST13020,ASO11-57,,0,#10,3,3,Gary,New Alosa,BJ/EM,803,811,8,11,Good,Good,fish swam well upon release
WST,E. MILLER USACE,10/10/11,sb,Overcast,10:36,38 06.588,122 02.669,18,DFG Trammel Net,152,176,,,u,u,y,u,,,Y (anal),ASO11-58/56462,y,ASO11-58/56462,v16,56462,1119494,,HH2084,ASO11-58,,0,10,3,4,ramiro,Striper 2,BJ/EM,10:40,10:46,6,10,excellent,excellent,
WST,E. MILLER USACE,9/20/11,sb,sunny,9:17,38 05.474,122 03.320,19,DFG Trammel Net,84,90,,,u,n,n,n,,,Y (anal),ASO11-60/819,y,ASO11-60/819,v13,819,1119539,,,ASO11-60,,0,#10,3,4,Brian,Striper 2,TB/GL,9:19,9:24,7,5,good,good,
WST,E. MILLER USACE,8/17/11,GB,Sunny,8:55,38 06.242,122 03.176,19,DFG Trammel Net,114,126,,,U,U,N,U,,,Y (anal),ASO11-61/56427,,,V16,56427,1119459,,HH2020,ASO11-61,,0,#10,3,3.5,Gary,New Alosa,BJ/EM,858,905,7,10,Good,Good,"fish swam well, great condition"
WST,E. MILLER USACE,10/19/11,sb,Sunny/Windy,10:48,38 06.009,122 02.984,19,DFG Trammel Net,118,133,,,u,u,y,u,,,Y (anal),ASO11-64/56463,y,ASO11-64/56463,v16,56463,1119495,,HH2091,ASO11-64,,0,10,3,3,ken,Striper 2,TB/BJ,10:52,11:00,8,12,good,good,
WST,E. MILLER USACE,10/24/11,sb,sunny,8:00,38 06.651,122 03.022,18,DFG Trammel Net,177,197,,,u,y,n,u,,,Y (anal),ASO11-66/56464,y,ASO11-66/56464,v16,56464,1119496,,ST13092,ASO11-66,,0,10,3,3,ken,Striper 2,Em/BJ,8:05,8:10,5,10,good,good,
WST,E. MILLER USACE,8/17/11,GB,Sunny,10:40,38 06.553,122 02.499,19,DFG Trammel Net,93,107,,,U,U,N,U,,,Y (anal),ASO11-67/56430,,,V16,56430,1119462,,ST13022,ASO11-67,,0,#10,3,3.5,Gary,New Alosa,BJ/EM,1052,1057,5,17,Good,Good,good condition upon release 
WST,E. MILLER USACE,9/22/11,sb,sunny,7:12,38 06.334,122 02.978,18,DFG Trammel Net,73,82,,,u,u,n,n,,ASO11-68/820,Y (anal),ASO11-68/820,y,ASO11-68/820,v13,820,1119540,,,ASO11-68,,0,10,3,4,brian,Striper 2,TB/GL,7:19,7:23,4,11,good,good,
WST,E. MILLER USACE,8/17/11,GB,Sunny,10:45,38 06.558,122 03.100,19,DFG Trammel Net,101,118,,,U,U,U,U,,,Y (anal),ASO11-69/56431,,,V16,56431,1119463,,HH2021,ASO11-69,,0,#10,3,3.5,Gary,New Alosa,BJ/EM,1100,1005,5,20,Good,Good,good condition upon release 
WST,E. MILLER USACE,9/22/11,sb,sunny,8:46,38 06.644,122 02.479,18,DFG Trammel Net,78,80,,,u,u,n,n,,ASO11-70/821,Y (anal),ASO11-70/821,y,ASO11-70/821,v13,821,1119541,,,ASO11-70,,0,10,3,4,brian,Striper 2,TB/GL,8:48,8:52,4,6,good,good,
WST,E. MILLER USACE,8/22/11,SB,Overcast,8:23,38 06.437,122 02.561,18,DFG Trammel Net,123,143,,,U,U,N,N,,,Y (anal),ASO11-71/56432,,,V16,56432,1119464,,HH2022,ASO11-71,,0,#10,3,4,Bryan,New Alosa,GL/EM,,,,,Fair,Fair,"upon capture-bruising along mouth. Bleeding and bruising on scutes. Torn pectoral, pelvic, and dorsal fins. "
WST,E. MILLER USACE,10/24/11,sb,sunny,8:58,38 06.300,122 02.870,18,DFG Trammel Net,115,130,,,u,u,n,u,,,Y (anal),ASO11-72/56465,y,ASO11-72/56465,v16,56465,1119497,,FF2092,ASO11-72,,0,10,3,4,ken,Striper 2,BJ/EM,8:59,9:04,5,6,excellent,excellent,
WST,E. MILLER USACE,10/24/11,sb,sunny,9:05,38 06.373,122 02.638,18,DFG Trammel Net,81,92,,,u,u,n,u,,,Y (anal),ASO11-74/822,y,ASO11-74/822,v13,822,1119542,,,ASO11-74,,0,10,3,4,ken,Striper 2,BJ/EM,9:06,9:12,6,7,excellent,excellent,
WST,E. MILLER USACE,8/29/11,SB,Sunny,8:35,38 06.279,122 02.556,18,DFG Trammel Net,167,184,,,U,U,N,N,,,Y (anal),ASO11-75/56434,Y,ASO11-75/56434,V16,56434,1119466,,HH2126,ASO11-75,,0,#10,3,5,Dave,New Alosa,GL/BT,840,847,7,12,Good,Good,
WST,E. MILLER USACE,10/24/11,sb,partly cloudy,10:04,38 06.246,122 03.010,18,DFG Trammel Net,150,170,,,u,u,n,n,,,Y (anal),ASO11-76/56466,y,ASO11-76/56466,v16,56466,1119498,,HH2092,ASO11-76,,0,10,3,3.5,ken,Striper 2,EM/BJ,10:08,10:12,4,8,"good, some bruising on mouth, pectoral and tail fins",good swam off,
WST,E. MILLER USACE,8/29/11,SB,Sunny,11:25,38 06.747,122 02.074,19,DFG Trammel Net,111,116,,,F,U,N,N,,,Y (anal),ASO11-77/56435,Y,ASO11-77/56435,V16,56435,1119467,,HH2127,ASO11-77,,0,#10,3,3.5,Dave,New Alosa,BJ/GL,1127,1135,8,10,Good,Good,tail somewhat tattered
WST,E. MILLER USACE,8/29/11,SB,Sunny,12:26,38 06.379,122 02.424,19,DFG Trammel Net,108,126,,,U,U,N,N,,,Y (anal),ASO11-79/56436,Y,ASO11-79/56436,V16,56436,1119468,,ST13128,ASO11-79,,0,#10,3,5,Bryan,New Alosa,GL/BJ,1230,1236,6,10,Good,Good,
WST,E. MILLER USACE,8/29/11,SB,Sunny,12:39,38 06.379,122 02.424,19,DFG Trammel Net,107,124,,,U,U,N,N,,,Y (anal),ASO11-81/56437,Y,ASO11-81/56437,V16,56437,1119469,,HH2128,ASO11-81,,0,#10,3,5,Bryan,New Alosa,GL/BJ,1244,1249,5,10,Good,Good,
WST,E. MILLER USACE,8/29/11,SB,Sunny,13:41,38 06.673 ,122 02.061,20,DFG Trammel Net,139,146,,,U,U,N,N,,,Y (anal),ASO11-83/56438,Y ,ASO11-83/56438,V16,56438,1119470,,HH2129,ASO11-83,,0,#10,3,4,Dave,New Alosa,GL/BJ,1346,1356,10,15,Good,Good,
WST,E. MILLER USACE,8/30/11,SB,Sunny,8:24,38 06.206,122 02.765,19,DFG Trammel Net,145,163,,,U,U,N,N,,,Y (anal),ASO11-85/56439,Y,ASO11-85/56439,V16,56439,1119471,,FF2130,ASO11-85,,0,#10,3,4,Bryan,New Alosa,GL/BJ,829,834,5,10,Good,Good,
WST,E. MILLER USACE,8/31/11,SB,Sunny,11:02,38 05.889,122 02.819,18,DFG Trammel Net,103,116,,,U,U,N,N,,,Y (anal),ASO11-87/56440,Y,ASO11-87/56440,V16,56440,1119472,,ST13133,ASO11-87,,0,#10,3,3,Bryan,New Alosa,BJ/GL,1105,1109,4,7,Good,Good,
WST,E. MILLER USACE,9/1/11,SB,Sunny,9:18,38 06.514,122 02.584,18,DFG Trammel Net,151,177,,,U,U,N,N,,,Y (anal),ASO11-89/56441,Y,ASO11-89/56441,V16,56441,1119473,,FF2133,ASO11-89,,0,#10,3,4,Bryan,New Alosa,BJ/GL,920,925,5,7,Good,Good,
WST,E. MILLER USACE,9/13/11,sb,sunny,11:39,38 06.145,122 02.914,19,DFG Trammel Net,148,168,,,u,u,n,n,,,Y (anal),ASO11-91/56442,n,,v16,56442,1119474,,HH2144,ASO11-91,,0,#10,3,4,Brian,New Alosa,GL/BJ,11:41,11:44,3,5,good,good,"unable to draw blood, caudal area potentially to thick for needle to reach vein"
WST,E. MILLER USACE,9/22/11,spb,sunny,12:03,38 03.823,122 18.623,19,DFG Trammel Net,,171,,,f,y,y,y,,,Y (anal),ASO11-93/56443,y,ASO11-93/56443,v16,56443,1119475,,HH2151,ASO11-93,,0,10,3,4,gary,New Alosa,BJ/Em,12:05,12:12,7,9,good,good,"good condition upon release, forgot FL"
WST,E. MILLER USACE,9/27/11,sb,sunny,9:20,38 06.482 ,122 03.529,18.5,DFG Trammel Net,111,128,,,u,u,n,n,,,Y (anal),ASO11-95/56444,y,ASO11-95/56444,v16,56444,1119476,,HH2152,ASO11-95,,0,10,3,3,brian delano,New Alosa,TB/BJ,8:23,8:27,4,7,good,good,
WST,E. MILLER USACE,9/27/11,sb,sunny,11:15,38 06.716,122 02.618,19.5,DFG Trammel Net,156,178,,,u,u,n,n,,,Y (anal),ASO11-97/56445,y,ASO11-97/56445,v16,56445,1119477,,ST13155,ASO11-97,,0,10,3,4,brian delano,New Alosa,TB/BJ,11:23,11:28,5,13,good,good,
WST,E. MILLER USACE,9/28/11,sb,sunny,8:22,38 06.174,122 03.204,19,DFG Trammel Net,71,80,,,u,u,n,n,,,Y (anal),ASO11-99/813,y,ASO11-99/813,v13,813,1119533,,,ASO11-99,,0,10,2,3,dave hull,New Alosa,TB/BJ,8:25,8:29,3,6,good ,good,
WST,E. MILLER USACE,8/30/11,SB,Sunny,,,,19,DFG Trammel Net,,133,,,U,U,N,N,,,,,Y,,,,,,FF2132,,,0,#10,,,Bryan,New Alosa,BJ/GL,,,,,Good,Good,"DID NOT TAG, drew blood. "
WST,E. MILLER USACE,8/30/11,SB,Sunny,,,,19,DFG Trammel Net,,125,,,U,U,N,N,,,,,Y,,,,,,FF2131,,,0,#10,,,Bryan,New Alosa,BJ/GL,,,,,Good,Good,"DID NOT TAG, drew blood. "
WST,E. MILLER USACE,8/30/11,SB,Sunny,,,,19,DFG Trammel Net,,120,,,U,U,N,N,,,,,Y,,,,,,HH2131,,,0,#10,,,Bryan,New Alosa,BJ/GL,,,,,Good,Good,"DID NOT TAG, drew blood. "
WST ,E. MILLER USACE,8/17/11,SB,Sunny,11:47,38 06.061,122 03.014,20,DFG Trammel Net,107,123,,,U,U,N,N,,,Y (anal),ASO11-14/56418,,,V16,56418,1119450,,HH2030,ASO11-14,,0,#10,3,4,Ken,Striper 2,GL/MP,1150,1154,4,7,Good,Good,
WST ,E. MILLER USACE,8/15/11,SPB,Sunny,12:51,38 05.525,122 23.305,18,DFG Trammel Net,157,174,,,U,U,N,N,,,Y (anal),ASO11-43/56405,,,V16,56405,1119437,,HH2013,ASO11-43,,0,#10,3,3,Gary,New Alosa,GL/EM,1300,1304,4,12,Good,Good,
WST ,E. MILLER USACE,8/16/11,GB,Sunny,8:10,38 06.273,122 02.916,19,DFG Trammel Net,119,134,,,U,U,N,N,,,Y (anal),ASO11-45/56406,,,V16,56406,1119438,,ST13014,ASO11-45,,0,#10,3,3.5,Bryan,New Alosa,BJ/EM,813,820,7,10,Good,Good,
WST ,E. MILLER USACE,8/16/11,GB,Sunny,12:50,38 06.919,122 02.951,20,DFG Trammel Net,112,129,,,U,U,N,N,,,Y (anal),ASO11-55/56412,,,V16,56412,1119444,,HH2019,ASO11-55,,0,#10,3,4,Bryan,New Alosa,BJ/EM,1302,1308,6,18,Good,Good,lots of bleeding at incision 
WST ,E. MILLER USACE,8/17/11,GB,Sunny,8:43,38 06.257,122 02.490,19,DFG Trammel Net,105,117,,,U,U,N,U,,,Y (anal),ASO11-59/56426,,,V16,56426,1119458,,FF2020,ASO11-59,,0,#10,3,3,Gary,New Alosa,BJ/EM,844,853,9,10,Good,Good,good condition upon release 
WST ,E. MILLER USACE,8/17/11,GB,Sunny,9:32,38 06.026,122 03.386,19,DFG Trammel Net,90,103,,,U,U,U,U,,,Y (anal),ASO11-63/56428,,,V16,56428,1119460,,ST13021,ASO11-63,,0,#10,3,3,Gary,New Alosa,BJ/EM,936,943,7,9,Good,Good,good condition upon release 
WST ,E. MILLER USACE,8/17/11,GB,Sunny,10:38,38 06.419,122 02.625,19,DFG Trammel Net,117,130,,,F,U,Y,Y,,,Y (anal),ASO11-65/56429,,,V16,56429,1119461,,FF2021,ASO11-65,,0,#10,3,3.5,Gary,New Alosa,BJ/EM,1040,1048,8,10,Good,Good,good condition upon release 